{
  "params": 8602624,
  "inference_time_s": 102.26,
  "bleu_dev": 0.0,
  "bleu_test": 0.0,
  "bertscore_f1_dev": -0.629494845867157,
  "bertscore_f1_test": -0.6256448030471802,
  "beam_size": 4
}